text,labels
Wake up,0
Hello Gaia,0
Hey Gaia,0
Rise and shine,0
Gaia are you there?,0
Activate Gaia,0
Boot up,0
Start now,0
Gaia it's time,0
Gaia wake up,0
Come online,0
System online?,0
Hey wake up,0
Gaia online please,0
Hey AI wake up,0
Good morning Gaia,0
Gaia respond,0
Ready Gaia?,0
Engage protocol,0
Start sequence,0
Come to life,0
Awaken Gaia,0
Hello are you there?,0
Online check,0
Begin now,0
Hey system,0
Hello system,0
Wake sequence start,0
System come alive,0
Gaia engage,0
System activate,0
Power on Gaia,0
Startup complete?,0
Hey there Gaia,0
Rise Gaia,0
Run initialization,0
Initialize AI,0
AI wake mode,0
Reboot complete?,0
Gaia log in,0
System bootup,0
Ready to go?,0
Engage mainframe,0
Gaia log on,0
Online and ready?,0
AI report in,0
Let's begin,0
Showtime gaia,0
Begin operation,0
Tell me today's date,1
What day is it?,1
Check today's date,1
What's the current date?,1
Can you tell me the date?,1
Give me today's date,1
What is today’s date?,1
Tell me what day it is,1
Do you know today’s date?,1
I need today’s date,1
Could you give me today’s date?,1
Please tell me what day it is,1
What’s the date right now?,1
Today’s date is?,1
Remind me of today’s date,1
Say the current date,1
Date today?,1
What day is today?,1
Tell me the exact date today,1
Can I get today’s date?,1
What's the full date today?,1
Is today Monday or what?,1
Give me the calendar date,1
State the current day and date,1
I forgot the date,1
What is the full date today?,1
Let me know today’s date,1
Which day is today?,1
Today is what date?,1
Tell me the date of today,1
Say what day it is,1
Please say the date,1
Date please?,1
Today’s date please,1
Can you say the date for today?,1
Just the date,1
Current date?,1
Give the date,1
What date is it today?,1
Name today’s date,1
Say today’s date aloud,1
Provide the current date,1
Confirm today’s date,1
Can I hear today’s date?,1
What is today's full date?,1
Can you recite today’s date?,1
I need to know the date,1
Display today’s date,1
Show me today’s date,1
Read out the date,1
State what day today is,1
What’s the proper date today?,1
Please read the date,1
Let’s get today’s date,1
Do you know what date it is?,1
I forgot the day,1
I can’t remember today’s date,1
Can you display today’s date?,1
Output the date of today,1
Return today’s date,1
Respond with the current date,1
Give me today’s calendar date,1
What’s on the calendar for today?,1
Just need today’s date,1
Hey what’s today’s date?,1
Alright what date is it?,1
Do you know the current date?,1
The date. Now.,1
Tell the date right now,1
What’s the date and day today?,1
Quick! What’s today’s date?,1
Can you speak today’s date?,1
I’m looking for today’s date,1
Fetch today’s date,1
What’s the official date today?,1
List today’s date,1
Check what day today is,1
Remind me what date it is,1
Today’s date and time?,1
Give date info for today,1
I’d like today’s date,1
Tell me the current calendar date,1
Share today’s date,1
What’s the registered date today?,1
Today equals what date?,1
Can you pull today’s date?,1
Date check for today,1
Say the date that it is,1
Identify today’s date,1
Can you identify today’s date?,1
What is the time and date today?,1
Can I get just the date?,1
Tell the day and date,1
List current day and date,1
Read me today’s date,1
Tell the formatted date today,1
Can you read today’s calendar date?,1
Display the calendar date today,1
When is today?,1
I want to know today’s date,1
Say the current weekday and date,1
Show the actual date,1
What does the calendar say today?,1
Let me know what date it is,1
What's the time?,2
Tell me the current time,2
Can you give me the time?,2
Do you know the time?,2
What time is it?,2
Could you check the time?,2
Please tell me the time,2
I'd like to know the time,2
Let me know the time,2
Is it time yet?,2
Do you have the current time?,2
I need to know the time,2
Do you know what time it is?,2
Tell me what time it is now,2
Show me the time,2
Time check please,2
Can you tell me the hour?,2
What's the hour?,2
What's the time now?,2
Please check the time for me,2
Could you tell me what time it is?,2
What’s the clock say?,2
Can I get the time?,2
Do you know the exact time?,2
Exact time please?,2
Give me the time now,2
I need the current time,2
What does the clock say?,2
Clock check,2
I want to know the time,2
Time now please,2
Let me check the time,2
Check the time please,2
Tell me what time it is,2
What’s the precise time?,2
Could you give me the time?,2
What's the local time?,2
What’s the time in my timezone?,2
Can I check the time?,2
Fetch the time for me,2
Give me today’s time,2
What time is showing?,2
Please read me the time,2
Display the time,2
Do you have the time on you?,2
What is the present time?,2
Please fetch the time,2
Do you have a clock?,2
Do you have the time right now?,2
Let’s check the time,2
Tell me the time of day,2
What’s the minute count now?,2
Clock says what?,2
Time update please,2
Is it late?,2
Is it early?,2
What time are we at?,2
Read me the clock,2
I’m wondering what time it is,2
When is it now?,2
The time,2
Could I get a time update?,2
May I ask the time?,2
Just need to know the time,2
Tell me how late it is,2
Tell me how early it is,2
How much time has passed?,2
Give me a time reading,2
Let me in on the time,2
What’s the hour count?,2
What’s the current clock reading?,2
What does the time say?,2
Show current time,2
When exactly is it?,2
Get me the current time,2
Current time status,2
What time are we looking at?,2
Get the time,2
Give me the latest time,2
What's the system time?,2
Do you have the system time?,2
What’s the time currently?,2
What time are we on?,2
Current hour and minute?,2
Give me a clock readout,2
Tell me the hour and minute,2
Requesting the time,2
What does the time look like?,2
Report the current time,2
Send me the time,2
Do a time check,2
Run a clock check,2
Initiate time request,2
Please get the time now,2
Read the current time,2
Is it time already?,2
What time?,2
How far into the day are we?,2
Tell me today's time now,2
Look up the time,2
Provide time info,2
Let me know the time now,2
Deliver the time,2
How's the weather today?,3
Do I need an umbrella today?,3
Is it going to rain in Vancouver?,3
What's the temperature outside?,3
Is it sunny in Toronto today?,3
Will it be windy tomorrow?,3
How's the forecast looking for this weekend?,3
Is there a chance of snow in Ottawa?,3
Should I wear a jacket today?,3
Is it going to be cloudy in Calgary?,3
What's the weather like in Montreal right now?,3
Will it be humid in Vancouver tomorrow?,3
Is it a good day for a walk outside?,3
What's the air quality like today?,3
Is it safe to drive in the snow today?,3
How cold is it going to get tonight?,3
Will the weather be clear this afternoon?,3
Is there a storm expected in Winnipeg?,3
What will the temperature be in Quebec City?,3
How's the weather in Edmonton today?,3
Is it going to be hot this weekend?,3
Will it rain this evening in Toronto?,3
Is it foggy in Halifax right now?,3
What will the weather be like on Sunday?,3
Is there a chance of hail tomorrow?,3
How's the temperature in Vancouver?,3
Will the rain stop soon in Ottawa?,3
Is there a chance of thunderstorms in Calgary?,3
Will it be dry in Montreal tomorrow?,3
What's the weather forecast for the next few days?,3
Is there snow in the forecast for Winnipeg?,3
Should I bring a coat to work today?,3
Is it a good day to go skiing in Quebec?,3
How hot will it be this afternoon?,3
Is there a chance of rain later in Vancouver?,3
What time is the best for a walk outside?,3
How much rain is expected today?,3
Will there be fog in Toronto this evening?,3
Is it a good day for hiking in Montreal?,3
Is it going to be cold in Calgary tonight?,3
How’s the weather for an outdoor event tomorrow?,3
What’s the expected wind speed in Winnipeg today?,3
Is it going to be chilly in Vancouver tonight?,3
Is there a chance of a heatwave in Toronto?,3
Will the temperature drop in Montreal this evening?,3
How’s the temperature in Edmonton right now?,3
Is it going to snow this week in Ottawa?,3
What’s the weather like in Saskatoon today?,3
Will it be sunny this weekend in Calgary?,3
How’s the weather for a beach day in Vancouver?,3
What’s the weather forecast for Toronto today?,3
Is it too cold for a walk today?,3
Will it be rainy in Quebec tomorrow?,3
Is there going to be a storm in Halifax?,3
Is it going to be sunny in Toronto next week?,3
How hot is it in Edmonton today?,3
What’s the air temperature in Winnipeg?,3
Is there going to be a frost tonight?,3
How’s the weather for a picnic in Montreal?,3
Will it be cloudy in Vancouver tomorrow?,3
What’s the wind chill like in Calgary?,3
Is it going to be foggy tonight in Quebec?,3
How’s the temperature in Ottawa at the moment?,3
Will it be clear skies this evening in Toronto?,3
Is there a chance of thunderstorms in Edmonton?,3
Is it too hot to walk outside today?,3
What’s the forecast for the weather tomorrow?,3
How’s the weather in Vancouver this morning?,3
Will it be dry in Saskatoon tomorrow?,3
How’s the air quality in Montreal today?,3
Is it a good day to go swimming in Halifax?,3
Will there be sunshine in Edmonton this afternoon?,3
How cold will it be in Calgary tonight?,3
What’s the temperature in Toronto right now?,3
Will there be rain showers in Vancouver?,3
Is it going to be warm enough for a jacket today?,3
What’s the weather like for an outdoor workout?,3
How warm will it get this afternoon in Winnipeg?,3
Will it be clear tomorrow in Montreal?,3
How’s the weather in Quebec City this evening?,3
Is it safe to go outside in the heat today?,3
How’s the wind speed in Vancouver this morning?,3
What’s the weather forecast for tomorrow in Toronto?,3
Will it be sunny or cloudy in Calgary?,3
Is it raining right now in Winnipeg?,3
How much snow will fall tomorrow in Ottawa?,3
Will it be cold enough to snow in Montreal?,3
What’s the humidity like in Vancouver today?,3
Will it be windy in Toronto this evening?,3
Is there any chance of snow in Halifax?,3
How’s the weather in Edmonton today?,3
Is it going to stay clear this afternoon in Calgary?,3
How hot is it going to be in Quebec tomorrow?,3
Will the temperature rise today in Winnipeg?,3
Is it going to rain this evening in Calgary?,3
How’s the air quality in Ottawa today?,3
Is there a storm coming to Toronto?,3
Is the weather going to improve in Montreal?,3
Will it rain tomorrow in Edmonton?,3
What’s the weather forecast for this evening in Halifax?,3
How warm is it in Toronto today?,3
Will there be snow in Vancouver this weekend?,3
Is it going to be rainy in Edmonton?,3
How’s the weather for a road trip tomorrow?,3
Is it going to snow later in Montreal?,3
Will the weather be warm enough to wear shorts today?,3
How’s the weather in Winnipeg this morning?,3
Will it rain in Vancouver this evening?,3
Play something relaxing,4
Play Taylor Swift on Spotify,4
Put on some classical music,4
Play some jazz music,4
Can you play a soft piano piece?,4
Play instrumental music for focus,4
Start a chill playlist,4
Put on a playlist of ambient sounds,4
Play some soothing background music,4
Play the latest hits from Drake,4
Put on some classical violin music,4
Play some relaxing jazz tunes,4
Put on a soundtrack from a movie,4
Play some indie pop songs,4
Play some acoustic guitar music,4
Can you play music from Adele?,4
Play some upbeat dance music,4
Put on some lo-fi beats,4
Play a mix of 90s hits,4
Play some orchestral music,4
Play a calming nature sound playlist,4
Play some chill EDM tracks,4
Put on some pop music from the 2000s,4
Can you play some R&B hits?,4
Play some acoustic folk music,4
Start a playlist with calm piano music,4
Play something with smooth jazz,4
Play relaxing instrumental music,4
Play some old-school rock music,4
Put on a 90s R&B playlist,4
Play some easy listening music,4
Play a mellow music mix,4
Can you play some upbeat rock?,4
Put on some mellow indie music,4
Play a playlist of sad songs,4
Play music by The Beatles,4
Play a soft jazz saxophone piece,4
Play some alternative rock,4
Play some reggae music,4
Put on a soulful music playlist,4
Play some Latin dance music,4
Can you play some piano covers?,4
Play some chillwave music,4
Put on some upbeat jazz,4
Play some relaxing beach sounds,4
Play some new age music,4
Start a meditation music playlist,4
Can you play some mellow electronic music?,4
Play a calming harp song,4
Put on some calming soundtracks,4
Play some music from Ed Sheeran,4
Can you play some upbeat pop?,4
Play a playlist with relaxing vocals,4
Play some relaxing instrumental piano music,4
Play some quiet background music,4
Put on some soft guitar tunes,4
Play some peaceful acoustic music,4
Can you play some soulful ballads?,4
Play a soft rock playlist,4
Play some chill music for studying,4
Put on some indie music from the 90s,4
Play some smooth pop music,4
Can you play something from Coldplay?,4
Play some jazz piano music,4
Put on some peaceful meditation music,4
Play music from the 80s,4
Play some smooth blues music,4
Play some upbeat Latin music,4
Play some relaxing ambient music,4
Put on some music by John Mayer,4
Play some soft music for dinner,4
Play some classical guitar music,4
Put on some music by Sam Smith,4
Play some quiet chill songs,4
Play music by Queen,4
Put on some jazz music from the 50s,4
Play some relaxing nature sounds,4
Play some old-school pop,4
Put on some classical music from Mozart,4
Play some upbeat indie pop,4
Play some bossa nova music,4
Put on some soft ballads,4
Play some music from the 70s,4
Play a piano concerto,4
Can you play a song by Billie Eilish?,4
Play some smooth jazz and blues,4
Put on some calming ambient music,4
Play some instrumental guitar music,4
Play some upbeat indie rock,4
Put on some relaxing lo-fi music,4
Play some piano covers of pop songs,4
Play some music for relaxation,4
Play some contemporary classical music,4
Put on a playlist of smooth jazz,4
Play some relaxing meditation sounds,4
Play a gentle piano melody,4
Play some soft acoustic ballads,4
Put on a relaxing instrumental mix,4
Play some peaceful piano music,4
Play some relaxing nature instrumental,4
Put on some chill dance beats,4
Play some ambient drone music,4
Put on some light jazz music,4
Play some beautiful orchestral music,4
Play some romantic slow songs,4
Can you play something from The Weeknd?,4
Put on some music for a peaceful evening,4
Play some background music for studying,4
Play some new age instrumental music,4
Play some ambient sounds for sleep,4
Play something with a relaxing beat,4
Put on some mellow lo-fi beats,4
Play a peaceful piano song,4
Put on some smooth jazz for dinner,4
Play some relaxing flute music,4
Play a song from The Rolling Stones,4
Play some calm meditation music,4
Can you play some vocal jazz?,4
Play some relaxing soundscapes,4
Put on some calm instrumental music,4
Play some cinematic music,4
Play some chill music for the evening,4
Put on some relaxing bossa nova,4
Play some mellow pop music,4
Play some beautiful cello music,4
Put on some ambient jazz,4
Play a soft piano ballad,4
Play some peaceful instrumental tunes,4
Can you play a relaxing instrumental piece?,4
Play some uplifting indie pop,4
Put on a relaxing piano soundtrack,4
Play some light jazz fusion,4
Play some soft music for relaxation,4
Put on some classical piano music,4
Play some relaxing guitar melodies,4
Tell me a joke,5
Make me laugh,5
Do you know any jokes?,5
Can you tell me a funny one?,5
Give me a good joke,5
I need a joke right now,5
Tell me something funny,5
Do you have a funny joke?,5
Can you make me laugh?,5
Can you crack a joke?,5
Got any good jokes?,5
Tell me a joke to cheer me up,5
Make me smile with a joke,5
How about a joke?,5
Give me something to laugh about,5
Can you hit me with a joke?,5
Got a funny one for me?,5
Tell me a hilarious joke,5
Tell me something funny to lighten the mood,5
Give me a funny one-liner,5
Give me a joke to laugh at,5
Can you share a hilarious joke?,5
Crack a funny one,5
Can you brighten my day with a joke?,5
Tell me a silly joke,5
Hit me with a funny joke,5
Do you have any jokes up your sleeve?,5
Give me your best joke,5
Tell me something that will make me laugh,5
Can you make me laugh with a joke?,5
Can you tell a funny story?,5
Make me chuckle,5
What’s your funniest joke?,5
How about a quick joke?,5
Give me a joke to start my day,5
Tell me a cheesy joke,5
Can you make me giggle?,5
Tell me a joke for fun,5
Tell me a ridiculous joke,5
Tell me a corny joke,5
Give me a joke that’ll crack me up,5
Can you entertain me with a joke?,5
Give me a funny punchline,5
Tell me a funny riddle,5
Can you make me laugh with a funny riddle?,5
Tell me a dad joke,5
Can you share a funny dad joke?,5
Got any corny jokes?,5
Do you know any hilarious one-liners?,5
Hit me with a corny one-liner,5
Tell me a punny joke,5
Make me laugh with a pun,5
Tell me a good pun,5
Can you tell a good pun?,5
Tell me a silly one-liner,5
Tell me a wacky joke,5
Share a silly joke with me,5
Give me a joke that makes no sense,5
Can you tell me a weird joke?,5
Can you share a ridiculous joke?,5
Tell me a funny knock-knock joke,5
Do you know any funny riddles?,5
Tell me a joke to make me laugh out loud,5
Share a funny riddle,5
Can you tell me a humorous story?,5
Make me laugh with a story,5
Got any witty jokes?,5
Tell me a witty one-liner,5
Share a smart joke,5
Tell me a sophisticated joke,5
Give me an intelligent joke,5
Got any clever jokes?,5
Make me laugh with something clever,5
Share a clever one-liner,5
Give me an awesome joke,5
Tell me a creative joke,5
Tell me a funny line,5
Tell me a classic joke,5
Tell me a short and funny joke,5
Got any classic jokes?,5
Make me laugh with a short joke,5
Tell me an original joke,5
Can you tell a brand new joke?,5
Give me a fresh joke,5
Tell me an unexpected joke,5
Can you surprise me with a joke?,5
Tell me a joke that's out of the ordinary,5
Make me laugh with something unusual,5
Give me a weirdly funny joke,5
Tell me a joke that’s out of left field,5
Make me laugh with something random,5
Tell me an offbeat joke,5
Can you give me an off-the-wall joke?,5
Give me a bizarre joke,5
Tell me an odd joke,5
Tell me an absurd joke,5
Make me laugh with something absurd,5
Tell me a funny but strange joke,5
Can you share a funny absurdity?,5
Tell me a laugh-out-loud joke,5
Make me giggle with a joke,5
Tell me a funny joke to end my day,5
Give me a quick laugh,5
Share a hilarious joke,5
Tell me a joke that’ll crack me up,5
Tell me a funny quote,5
Can you tell me something amusing?,5
Tell me something that will make me grin,5
Make me laugh with a witty comment,5
Tell me a lighthearted joke,5
Tell me a joke that’s good for a laugh,5
Can you tell me a clever joke?,5
Share a light joke with me,5
Tell me a fun joke,5
Give me a witty laugh,5
Tell me a quick joke for fun,5
Can you make me chuckle with a joke?,5
Tell me a funny one to start my day,5
Tell me a quick silly joke,5
Give me a funny one-liner to start the day,5
Make me smile with a corny joke,5
Can you entertain me with something funny?,5
Tell me a laugh-worthy one-liner,5
Give me a hilarious joke that I’ll remember,5
What's in the news?,6
Any headlines today?,6
Give me the latest news,6
What's happening in the world right now?,6
Any updates on current events?,6
Tell me what's going on in the world,6
What's the breaking news?,6
Give me today's top stories,6
What are the major news stories?,6
Any important news today?,6
What’s trending in the news?,6
What's new in the world of news?,6
Can you share the latest updates?,6
What are the big news stories today?,6
Tell me about today's headlines,6
What's the latest buzz?,6
Any news on global events?,6
What's in the headlines?,6
What’s going on in the news today?,6
What’s the news today?,6
Any major headlines?,6
What’s the latest scoop?,6
What’s the world talking about today?,6
What’s new in current affairs?,6
What's happening right now?,6
Any breaking updates?,6
What are the hot news topics?,6
Give me a rundown of today's news,6
Any updates on what's happening today?,6
What’s the latest news around the world?,6
What should I know about today’s news?,6
Tell me what’s new in the media,6
What’s the latest on global issues?,6
Any noteworthy headlines today?,6
What’s going on in the world of news?,6
Give me a summary of today’s headlines,6
Any trending news stories?,6
What's the story today?,6
Can you give me an update on the news?,6
What’s making headlines right now?,6
Can you tell me what’s in the news?,6
What’s happening today in the news?,6
Give me the top news,6
What are the latest stories in the news?,6
Any noteworthy updates on the news?,6
What are people talking about in the news?,6
What's in the headlines today?,6
Any news stories to report?,6
What’s the most talked about news?,6
What’s the news coverage like today?,6
Can you tell me the latest news updates?,6
Any major events happening today?,6
Give me the most recent news,6
What’s the biggest news today?,6
Tell me what’s on the news today,6
Give me the current news updates,6
What’s the world’s biggest headline today?,6
Any updates from around the globe?,6
What’s the latest global news?,6
What’s trending in international news?,6
Any important updates from the news?,6
What’s the latest in breaking news?,6
Give me the latest headlines,6
Tell me what the media is covering today,6
What are the top stories this morning?,6
Can you give me today's top stories?,6
What are the main news stories today?,6
What’s in the media today?,6
Can you summarize today’s news?,6
Any breaking stories to report?,6
What's the latest world event?,6
What’s in the headlines right now?,6
What’s the breaking news today?,6
Tell me about the news today,6
What’s the world’s biggest story?,6
Can you give me news from around the world?,6
What’s the most recent headline?,6
Any new headlines today?,6
What are people talking about in the media?,6
What’s the latest story in the news?,6
What’s in the news this morning?,6
What are the top trending topics today?,6
Can you tell me the latest headlines?,6
What’s the most important news today?,6
What’s happening globally in the news?,6
Tell me what’s in the news now,6
Any updates from today's news?,6
Give me the scoop on the latest news,6
What’s happening in the world today?,6
Tell me about today's big news,6
Can you share today's breaking stories?,6
What’s new in breaking news?,6
What’s the current world news?,6
What’s on the front page today?,6
Tell me what’s happening in the news right now?,6
What’s happening in the news today?,6
Give me a brief on the latest news,6
What are the major global stories?,6
What are the world’s top news stories?,6
What's the news coverage like today?,6
What’s the big news right now?,6
What’s in the news cycle today?,6
What are the top headlines today?,6
Give me an update on the world’s news,6
Tell me the big stories today,6
What’s the world talking about?,6
What’s the buzz in the news today?,6
Can you tell me what’s going on globally?,6
What’s the latest hot topic in the news?,6
Give me today’s world news,6
What are the current hot topics?,6
Any major news updates?,6
What are the hot news stories?,6
What's happening in global news?,6
Make a note that my project is due Monday,7
Write this down: pick up dry cleaning,7
Note to self to finish English essay,7
Remember to call mom later today,7
Don’t forget to send the email by 3pm,7
Make sure to study for the math test,7
Write this down: schedule dentist appointment,7
Remember to buy groceries after work,7
Note to self to complete the online form,7
Make a note to research for the history paper,7
Don't forget to water the plants,7
Reminder: pick up prescriptions from the pharmacy,7
Remember to clean the kitchen tonight,7
Make a note to review the meeting notes,7
Write this down: check in with the team,7
Reminder: send thank you emails,7
Don’t forget to charge your phone tonight,7
Make sure to submit the application by 5pm,7
Remember to update the project timeline,7
Note to self: check car oil level,7
Write this down: clean out email inbox,7
Reminder: book flight for the business trip,7
Make a note to meet with the marketing team,7
Don't forget to attend the webinar at 2pm,7
Remember to pick up the cake for the party,7
Write this down: call the plumber about the leak,7
Note to self: review the quarterly report,7
Reminder to send out invites for the event,7
Don’t forget to return the library books,7
Write this down: clean out the garage this weekend,7
Remember to take the recycling out,7
Make sure to finalize the budget proposal,7
Note to self: buy new shoes for the interview,7
Write this down: schedule team check-in meeting,7
Reminder to update resume before the interview,7
Don't forget to finish the project presentation,7
Remember to book an appointment for the dog,7
Make a note to check the weather for tomorrow,7
Write this down: pick up dry cleaning after work,7
Reminder to cancel the subscription service,7
Don’t forget to bring documents to the meeting,7
Make sure to review the sales report,7
Note to self to organize the workspace,7
Write this down: send invoice to client,7
Remember to attend the gym session at 6pm,7
Make a note to call the repair service,7
Reminder to backup files on the computer,7
Don’t forget to submit the project proposal,7
Write this down: arrange meeting with the client,7
Remember to check on the package delivery,7
Make sure to clean out your email inbox,7
Note to self to send the invitation for the wedding,7
Reminder to get a haircut before the event,7
Don’t forget to book a car service for the trip,7
Write this down: confirm appointment with the dentist,7
Make sure to update the team about the progress,7
Reminder to follow up on the job application,7
Don't forget to write the thank you note,7
Note to self to order more printer paper,7
Remember to check the car tires before the trip,7
Make a note to review the design drafts,7
Write this down: pick up mail from the post office,7
Reminder to organize the office files,7
Don’t forget to send the weekly report,7
Make sure to pay the utility bill,7
Write this down: schedule haircut appointment,7
Note to self to go for a walk after work,7
Reminder to contact the customer support,7
Don’t forget to RSVP for the wedding,7
Make a note to check the office supplies,7
Write this down: organize the bookshelf,7
Remember to call the insurance company,7
Make sure to check the car insurance renewal,7
Reminder to submit the application form,7
Don’t forget to finish the project presentation,7
Note to self to review the business proposal,7
Make a note to prepare for the interview,7
Write this down: contact the event planner,7
Reminder to download the project files,7
Don’t forget to bring the meeting documents,7
Make sure to check the bank statement,7
Note to self: update personal budget,7
Write this down: schedule meeting with the vendor,7
Remember to review the team’s feedback,7
Make a note to order the office supplies,7
Reminder to call back the client,7
Don’t forget to buy a gift for the birthday,7
Make sure to check the stock inventory,7
Write this down: book the meeting room for tomorrow,7
Remember to update the project details,7
Note to self to clean the windows,7
Reminder to return the rented equipment,7
Don’t forget to check the software update,7
Make a note to check the water bill,7
Write this down: finalize the presentation slides,7
Make sure to read the report before the meeting,7
Reminder to complete the survey by Friday,7
Don’t forget to ask about the promotion,7
Make a note to call the cable company,7
Write this down: schedule meeting with the architect,7
Reminder to pick up the tickets for the show,7
Don’t forget to schedule the car inspection,7
Make sure to check the meeting agenda,7
Note to self to clean out old files,7
Reminder to attend the networking event,7
Make a note to schedule a follow-up meeting,7
Write this down: finalize the travel arrangements,7
Remember to confirm the guest list,7
Don’t forget to pick up your prescription,7
Make sure to prepare the materials for the event,7
Reminder to update the project tracker,7
Write this down: check the Wi-Fi connection,7
Don’t forget to review the financial report,7
Make sure to read the email from HR,7
Reminder to visit the office before lunch,7
Write this down: update the team on progress,7
Note to self to send reminder emails,7
Remember to prepare the documents for tomorrow,7
Don’t forget to confirm your appointment,7
Make a note to change the air filters,7
Reminder to schedule your performance review,7
Write this down: follow up with the supplier,7
Don’t forget to call the bank,7
Make sure to update the contact list,7
Reminder to complete the registration,7
Write this down: clean up the kitchen sink,7
Remember to renew the subscription,7
Don’t forget to sign the document,7
Make sure to set up the video call,7
Reminder to get the pet supplies,7
Make a note to prepare the speech,7
Write this down: check the office air conditioning,7
Don’t forget to send the meeting invite,7
Make sure to check in with the manager,7
Reminder to finish the paperwork,7
Write this down: cancel the meeting for tomorrow,7
Make a note to check the gym schedule,7
Reminder to follow up with the consultant,7
Don’t forget to finish the expense report,7
Make sure to confirm the reservation,7
Write this down: pick up the groceries after work,7
Reminder to check the email for updates,7
Make a note to change your password,7
Write this down: complete the application by Friday,7
Can you locate me?,8
Where is Toronto?,8
How far is Montreal?,8
What is the distance to Vancouver?,8
Where is New York located?,8
Can you tell me the location of Paris?,8
How far is Tokyo from here?,8
Where can I find Berlin?,8
Can you find Sydney for me?,8
What is the distance between London and Berlin?,8
Can you locate me on the map?,8
Where is Los Angeles?,8
How far is it to San Francisco?,8
Where is the nearest beach?,8
Can you point me to Rome?,8
How far is it to Mexico City?,8
Can you show me the way to Paris?,8
Where is the Eiffel Tower?,8
How far is Moscow from London?,8
Can you find me the location of Kyoto?,8
Where is Dubai located?,8
What is the nearest airport?,8
Where is the Great Wall of China?,8
Can you locate Madrid?,8
What is the distance to Seoul?,8
Where is Cape Town?,8
Can you show me where Tokyo is?,8
How far is it to Bangkok?,8
Can you find me Toronto?,8
Where is the nearest hospital?,8
How far is it to Berlin?,8
Where is the closest park?,8
Can you tell me the location of Madrid?,8
What is the distance to Prague?,8
Where is Rome?,8
Can you show me the location of London?,8
How far is it to Mexico City from here?,8
Can you locate Osaka?,8
Where is the Colosseum located?,8
How far is it to Singapore?,8
Where is the nearest restaurant?,8
Can you find out where Vancouver is?,8
What is the distance from here to Montreal?,8
Can you tell me where the White House is?,8
Where is the nearest gas station?,8
Can you locate Istanbul?,8
Where is Rio de Janeiro?,8
How far is Madrid from London?,8
Can you locate Beijing?,8
Where is Chicago?,8
How far is it to Amsterdam?,8
Can you show me the way to Athens?,8
Where is the Pyramids of Giza?,8
Can you find me Paris?,8
What is the distance to Los Angeles?,8
Where is Mumbai?,8
How far is it to Buenos Aires?,8
Can you find Cairo?,8
Where is Kyoto located?,8
How far is it to New York?,8
Can you locate Cairo?,8
Where is the nearest school?,8
Can you find Toronto on the map?,8
Where is Los Angeles located?,8
How far is it to Sydney?,8
Can you show me where London is?,8
Where is the nearest library?,8
Can you find Seoul?,8
What is the distance to Rio de Janeiro?,8
Where is the nearest cinema?,8
Can you locate Athens?,8
Where is Edinburgh?,8
Can you find me Paris on the map?,8
Where is the nearest mall?,8
How far is it to Rome?,8
Where is the nearest pharmacy?,8
Can you locate me in Los Angeles?,8
What is the distance between Toronto and Montreal?,8
Where is Tokyo in relation to Kyoto?,8
Can you show me the location of Sydney?,8
How far is Beijing from here?,8
Can you find the closest beach?,8
Where is Hong Kong located?,8
Can you tell me how far New York is?,8
Where is Mexico City?,8
Can you locate San Francisco?,8
How far is Madrid from Paris?,8
Where is Berlin located?,8
Can you locate the Grand Canyon?,8
Where is the Statue of Liberty?,8
Can you find me a map of Tokyo?,8
How far is it to Amsterdam?,8
Where is Mumbai located?,8
Can you locate Dubai on the map?,8
Where is the closest train station?,8
Can you find the Eiffel Tower?,8
What is the distance to Montreal from Toronto?,8
Can you show me where Rio de Janeiro is?,8
How far is it to Paris from here?,8
Where is Jakarta?,8
Can you find the location of Vancouver?,8
Where is San Francisco?,8
Can you locate the Grand Canyon for me?,8
Where is the nearest subway station?,8
How far is Beijing from London?,8
Can you locate me in Paris?,8
Where is the nearest police station?,8
Can you tell me where Madrid is?,8
Where is the Acropolis located?,8
Can you locate Buenos Aires?,8
Where is Dubai?,8
Can you find me Kyoto?,8
Where is the nearest shopping center?,8
Can you find Los Angeles on the map?,8
Tell me about Albert Einstein,9
What is artificial intelligence?,9
What is the capital of France?,9
Who discovered penicillin?,9
Define quantum physics,9
Who is the current president of the United States?,9
Tell me about the Eiffel Tower,9
What is the theory of relativity?,9
Who painted the Mona Lisa?,9
What is blockchain?,9
Who is Nikola Tesla?,9
What is the Great Wall of China?,9
What is the square root of 16?,9
Who wrote To Kill a Mockingbird?,9
Explain the laws of motion,9
What is the Pythagorean theorem?,9
Tell me about the history of the internet,9
What is the largest planet in our solar system?,9
Who invented the telephone?,9
What is the speed of light?,9
What is the meaning of life?,9
Who is the founder of Microsoft?,9
Tell me about the history of the Roman Empire,9
What is the capital of Japan?,9
Who developed the first vaccine?,9
Explain how a black hole works,9
What is the theory of evolution?,9
Who was Julius Caesar?,9
What is the national language of Brazil?,9
What is the distance between Earth and the Sun?,9
What is the purpose of DNA?,9
Who is considered the father of modern physics?,9
What is the highest mountain in the world?,9
Who invented the light bulb?,9
What is the significance of the Rosetta Stone?,9
Explain how photosynthesis works,9
What is artificial intelligence used for?,9
Who was the first human to travel to space?,9
What is the history of the French Revolution?,9
Tell me about the development of the steam engine,9
What is the capital of Canada?,9
Who was the first president of the United States?,9
Explain the theory of plate tectonics,9
Who was Leonardo da Vinci?,9
What is the significance of the moon landing?,9
What is the definition of democracy?,9
Tell me about the Great Depression,9
What is the purpose of the United Nations?,9
Who were the ancient Egyptians?,9
What is the capital of Australia?,9
What is the process of nuclear fusion?,9
Tell me about the Industrial Revolution,9
What are the laws of thermodynamics?,9
Who was William Shakespeare?,9
What is the significance of the Magna Carta?,9
Who invented the airplane?,9
What is the largest ocean on Earth?,9
What is the process of mitosis?,9
Who discovered gravity?,9
What is the capital of Spain?,9
Tell me about the history of the Olympic Games,9
What is the role of mitochondria in cells?,9
Who was Sigmund Freud?,9
What is the meaning of the word philosophy?,9
Tell me about the history of the pyramids,9
What is the function of the human brain?,9
What is the distance around the Earth?,9
Who was the first woman to win a Nobel Prize?,9
What is the capital of Italy?,9
What is the structure of the atom?,9
Tell me about the discovery of America,9
Who is Charles Darwin?,9
What is the role of the heart in the human body?,9
What is the capital of Germany?,9
What is the history of World War II?,9
Who invented the printing press?,9
What is the process of cellular respiration?,9
What is the definition of socialism?,9
Who was Alexander the Great?,9
What is the difference between a virus and bacteria?,9
What is the largest desert on Earth?,9
Who was the first woman in space?,9
What is the process of photosynthesis?,9
Who was the last czar of Russia?,9
Tell me about the history of the United Kingdom,9
What is the significance of the fall of the Berlin Wall?,9
What is the capital of India?,9
Who was Albert Einstein?,9
What is the definition of ecology?,9
Who invented the computer?,9
What is the significance of the Cold War?,9
What is the meaning of the word democracy?,9
Tell me about the history of the printing press,9
What is the national flower of Japan?,9
Who was Marie Curie?,9
What is the capital of Russia?,9
What is the history of the telephone?,9
What is the theory of quantum mechanics?,9
What is the function of the lungs in humans?,9
Who was the first woman to fly solo across the Atlantic?,9
What is the significance of the internet?,9
What is the capital of China?,9
Who was Christopher Columbus?,9
What is the purpose of the respiratory system?,9
What is the capital of Mexico?,9
Tell me about the history of the Renaissance,9
What is the role of the digestive system?,9
Who invented the light bulb?,9
What is the capital of England?,9
What is the process of evolution by natural selection?,9
What is the significance of the French Revolution?,9
Tell me about the history of the Cold War,9
What is the capital of Egypt?,9
What is the meaning of the word physics?,9
Who is the Greek philosopher Socrates?,9
What is the role of the kidneys in the human body?,9
Tell me about the history of the Titanic,9
What is the largest continent on Earth?,9
What is the role of the circulatory system?,9
Who is the author of 1984?,9
What is the capital of Greece?,9
What is the process of making chocolate?,9
Who was the first man on the moon?,9
Do I have anything tomorrow?,10
Is my schedule free?,10
What's my agenda?,10
Any appointments today?,10
Check my calendar,10
Do I have any meetings tomorrow?,10
Is there anything scheduled for today?,10
What's on my calendar for today?,10
Can you check my agenda?,10
Do I have any events tomorrow?,10
What's my plan for tomorrow?,10
Do I have any free time tomorrow?,10
What's on my schedule today?,10
Do I have any appointments today?,10
Is there anything planned for tomorrow?,10
Can you check my schedule for the day?,10
Are there any meetings tomorrow?,10
Any events scheduled for today?,10
Can you list today's appointments?,10
Do I have anything planned today?,10
Check my agenda for tomorrow,10
Do I have meetings today?,10
What's on the agenda for tomorrow?,10
Do I have a busy day tomorrow?,10
Is my calendar free today?,10
What's my calendar look like tomorrow?,10
Do I have any work tomorrow?,10
Any free time on my calendar tomorrow?,10
Do I have any appointments tomorrow?,10
Do I have any events this week?,10
Can you show me my schedule?,10
Any events scheduled this week?,10
Do I have anything planned this week?,10
What's on the schedule for this week?,10
Is my calendar clear for tomorrow?,10
Can you show me my meetings?,10
Do I have anything scheduled for the weekend?,10
What's on my calendar for the weekend?,10
Do I have any plans this weekend?,10
Check my appointments for the weekend,10
Do I have any free time this weekend?,10
Is there anything on my calendar for the weekend?,10
What's on my calendar this week?,10
Do I have meetings this week?,10
Do I have any calls scheduled?,10
Is there anything planned for this afternoon?,10
Do I have any appointments this afternoon?,10
Check my appointments for tomorrow,10
Can you check if I have any appointments this week?,10
Do I have any free time this afternoon?,10
Is my schedule clear this afternoon?,10
Do I have anything on my calendar this afternoon?,10
Is my schedule clear for the next few hours?,10
Can you check if I have any meetings this afternoon?,10
Are there any appointments tomorrow?,10
Do I have a meeting this week?,10
What's on my calendar for next week?,10
Can you check my calendar for the week?,10
Do I have any meetings this afternoon?,10
Is my calendar free tomorrow?,10
Do I have a call tomorrow?,10
Check my meetings for tomorrow,10
Do I have any appointments tomorrow?,10
What's my schedule for tomorrow?,10
Check if I have any free time tomorrow,10
What's my agenda for the day?,10
Can you check my calendar for free time?,10
Any meetings scheduled tomorrow?,10
Do I have any free time tomorrow?,10
Can you check my calendar for appointments?,10
Is there anything planned for today?,10
What's my schedule looking like today?,10
Is my calendar clear for today?,10
Do I have any meetings scheduled today?,10
Check if I have anything scheduled today,10
Do I have any events scheduled this week?,10
Is there any free time tomorrow?,10
Do I have an appointment later?,10
What's coming up in my calendar?,10
Can you list my calendar events?,10
Do I have an open slot today?,10
Is my calendar busy today?,10
Can you check if I'm free tomorrow?,10
What's on my agenda for tomorrow?,10
Do I have any appointments this morning?,10
Do I have free time this morning?,10
Is my afternoon free tomorrow?,10
Check if I have anything scheduled this afternoon,10
Do I have an appointment later today?,10
Can you check my free time for the week?,10
Is there anything scheduled for this evening?,10
What's on my calendar tonight?,10
Can you check my calendar for the next few days?,10
Do I have anything tomorrow afternoon?,10
Do I have any meetings next week?,10
Check my agenda for next week,10
Do I have any meetings this weekend?,10
Is there anything on my calendar for next week?,10
Do I have anything scheduled for next week?,10
Check my calendar for tomorrow morning,10
Do I have an appointment tomorrow morning?,10
What's on my schedule for the next few days?,10
Check if I have free time this weekend,10
Is my calendar clear next week?,10
Do I have free time next week?,10
Can you check my schedule for next week?,10
Do I have any plans next weekend?,10
Do I have any appointments next weekend?,10
What's on my agenda for the next few days?,10
Do I have any plans this evening?,10
Is my schedule free tonight?,10
Can you check if I have an open slot this evening?,10
Is my schedule free for the next few hours?,10
Do I have a free spot in my calendar tomorrow?,10
What's on my agenda this week?,10
Do I have any events this month?,10
What's my agenda for next month?,10
Check if I have anything on my calendar next month,10
Do I have a free day next week?,10
Do I have any open time this week?,10
Can you check my calendar for appointments tomorrow?,10
Do I have any meetings or events today?,10
Show me my system stats,11
How’s my CPU usage?,11
What’s my memory status?,11
How's the CPU doing?,11
Give me a system report,11
Show diagnostics,11
Check my system performance,11
System status please,11
What is the CPU temperature?,11
Give me the memory usage,11
How much disk space do I have?,11
Show me CPU utilization,11
What’s the disk usage right now?,11
Check the RAM usage,11
Give me an overview of my system,11
Show me my system health,11
Is my GPU being used?,11
How’s the GPU doing?,11
What’s the system uptime?,11
Give me the network status,11
Is there any software update available?,11
How’s the system load?,11
Check my battery health,11
What’s my current CPU frequency?,11
How much free space is available on my hard drive?,11
How much swap memory is in use?,11
Show me the current CPU temperature,11
What’s the status of my storage?,11
Show me the current disk activity,11
How much free memory is left?,11
Give me a list of running processes,11
How’s my system performing?,11
What’s the status of my RAM?,11
Check the status of my CPU cores,11
What’s the load on my processor?,11
Give me the temperature of my CPU,11
Show me the status of my hard drive,11
How much RAM is installed?,11
What’s the total storage capacity?,11
Give me the current network speed,11
What’s my IP address?,11
Show me my system logs,11
What’s the current CPU load?,11
Check my memory health,11
How many processes are running?,11
Give me the status of my system services,11
What’s the current status of the battery?,11
Show me the latest system warnings,11
What’s my RAM usage percentage?,11
Give me details on my disk drives,11
How’s my network connection?,11
How’s the system temperature?,11
What’s the current GPU load?,11
How much total memory do I have?,11
Show me system resource usage,11
Give me a breakdown of my system resources,11
What’s the status of my wireless connection?,11
Show me my current uptime,11
How’s my system responsiveness?,11
How much system memory is available?,11
Check my system’s network performance,11
What’s the health of my storage?,11
How’s the current system performance?,11
What’s my memory pressure?,11
Show me the current system processes,11
How’s the overall health of my system?,11
What’s the status of my CPU usage?,11
Give me the current disk read/write rates,11
Show me any active system alerts,11
How much RAM is in use right now?,11
What’s the current network usage?,11
How’s my disk performance?,11
Give me details on my CPU usage,11
Show me my system diagnostics,11
How much storage space do I have left?,11
What’s the current status of my memory?,11
Give me the temperature of my GPU,11
What’s the current state of my storage devices?,11
Show me my current power usage,11
What’s the status of my system’s memory?,11
Check if there’s any hardware failure,11
How much space do I have on my SSD?,11
Show me the system’s current performance metrics,11
How’s the memory doing?,11
What’s the status of my wireless network?,11
Give me my current system performance stats,11
What’s my disk usage percentage?,11
Check my system for any errors,11
Show me my system’s resource allocation,11
Give me the memory load of the system,11
What’s the overall performance of the system?,11
How’s the health of my disk drives?,11
Show me the current load on my CPU cores,11
What’s the performance of my memory,11
Give me details about the disk space usage,11
How’s my system’s network connection?,11
What’s my system’s RAM usage status?,11
How’s the overall CPU performance?,11
Give me the current storage usage,11
What’s the health of my battery?,11
Show me my CPU and memory usage,11
Check if my system is overheating,11
What’s my disk space usage?,11
How’s my memory performance?,11
What’s the disk I/O rate?,11
Give me the status of my system components,11
What’s the current CPU performance?,11
How’s the memory in my system?,11
Show me my system stats overview,11
Check if my system is lagging,11
How’s the performance of my hard drive?,11
Give me the total system usage,11
How’s my RAM utilization?,11
What’s the system health report?,11
Show me my system’s diagnostics report,11
What’s the status of my storage space?,11
How much memory is in use?,11
See you later,12
Turn off,12
Shutdown Gaia,12
Later Gaia,12
Power down,12
Goodbye,12
Sleep mode,12
End program,12
Exit now,12
Deactivate,12
Turn off the system,12
Shut it down,12
Disconnect,12
Power off,12
System off,12
End session,12
Exit Gaia,12
Close program,12
Deactivate Gaia,12
Shutdown complete,12
End connection,12
Turn off all systems,12
Go to sleep,12
Hibernation mode,12
Sleep well,12
Log off,12
Deactivate system,12
Turn off everything,12
Stop now,12
System shutdown,12
End task,12
Deactivate all systems,12
Power off now,12
Terminate session,12
Exit all programs,12
Close all tabs,12
Shut down Gaia now,12
Hibernating now,12
Turn off the AI,12
Put to sleep,12
Shut it all down,12
Powering down,12
System terminating,12
End operations,12
Stop working,12
Disconnect Gaia,12
Disable all functions,12
Shut the machine down,12
Terminate program,12
Exit now,12
Deactivate operations,12
Shut everything off,12
Turn off the AI system,12
Complete shutdown,12
End the process,12
Stop the AI,12
Gaia power off,12
Shutdown procedure,12
End AI task,12
Power down all systems,12
Shutdown the core,12
Exit function,12
Terminate all processes,12
Stop AI now,12
End program now,12
Deactivate now,12
Shutdown initiated,12
Deactivate Gaia now,12
Exit system now,12
End session now,12
Power off the unit,12
Turn off completely,12
Close down the system,12
Shutdown process complete,12
Halt all operations,12
System deactivated,12
Sleep mode engaged,12
Deactivate all programs,12
End AI functions,12
Turn off the interface,12
Shutdown in progress,12
Go offline,12
End connection now,12
Log off now,12
Terminate all services,12
Exit the AI,12
Turn off the machine,12
Exit the program,12
Disable all operations,12
Turn off Gaia completely,12
Power down Gaia,12
Shutdown AI system,12
Deactivate systems,12
Terminate now,12
Exit the connection,12
System power off,12
End all processes,12
Disable AI system,12
Shutdown program now,12
Shut down operations,12
Complete AI shutdown,12
System off now,12
Turn off the program,12
Shutdown AI now,12
Power down program,12
Turn off everything now,12
Exit AI now,12
Shut down now,12
End all programs now,12
Shutdown machine now,12
Shutdown all functions,12
Deactivate everything,12
System halt,12
Shut the system down now,12
Exit procedure,12
Shut down all services,12
Power off systems,12
Go to youtube.com,13
Visit cnn.com,13
Browse openai.com,13
Open twitter.com,13
Launch facebook.com,13
Check out instagram.com,13
Visit reddit.com,13
Go to wikipedia.org,13
Search on amazon.com,13
Visit netflix.com,13
Browse ebay.com,13
Check out linkedin.com,13
Open tiktok.com,13
Go to pinterest.com,13
Browse github.com,13
Visit yahoo.com,13
Check out theverge.com,13
Go to cnn.co.uk,13
Search on google.com,13
Browse bbc.com,13
Open vimeo.com,13
Go to soundcloud.com,13
Visit quora.com,13
Browse medium.com,13
Open tumblr.com,13
Check out stackoverflow.com,13
Go to wikipedia.org,13
Browse wordpress.com,13
Visit nytimes.com,13
Launch techcrunch.com,13
Search for news on bbc.co.uk,13
Visit apple.com,13
Go to microsoft.com,13
Browse yahoo.co.uk,13
Open buzzfeed.com,13
Go to deviantart.com,13
Check out ign.com,13
Visit espn.com,13
Browse spotify.com,13
Go to google.co.uk,13
Search on pinterest.co.uk,13
Visit forbes.com,13
Open foxnews.com,13
Go to huffpost.com,13
Browse nationalgeographic.com,13
Search on aliexpress.com,13
Visit wikia.com,13
Browse techradar.com,13
Open theguardian.com,13
Go to cnbc.com,13
Check out travelocity.com,13
Visit walmart.com,13
Search for products on bestbuy.com,13
Go to usatoday.com,13
Browse fox.com,13
Check out newsweek.com,13
Visit msn.com,13
Browse bleacherreport.com,13
Go to thebbc.com,13
Open cnn.ca,13
Check out hulu.com,13
Go to walmart.ca,13
Visit reddit.ca,13
Browse forbes.ca,13
Search on linkedin.ca,13
Go to bbc.co.uk,13
Browse businessinsider.com,13
Visit abc.com,13
Check out etsy.com,13
Search for movies on imdb.com,13
Go to viacom.com,13
Browse gamespot.com,13
Visit ask.com,13
Go to huffpost.ca,13
Browse askreddit.com,13
Search for blogs on blogspot.com,13
Check out slack.com,13
Go to shopify.com,13
Visit audioboom.com,13
Go to airbnb.com,13
Open reddit.org,13
Search for books on goodreads.com,13
Visit etsy.ca,13
Check out imdb.com,13
Browse dev.to,13
Go to mailchimp.com,13
Visit sketch.com,13
Go to patreon.com,13
Check out zoom.us,13
Search on okcupid.com,13
Browse 9gag.com,13
Go to godaddy.com,13
Check out twilio.com,13
Search for events on eventbrite.com,13
Visit github.io,13
Browse livemint.com,13
Check out github.com,13
Go to aliexpress.com,13
Search on airbnb.co.uk,13
Browse yelp.com,13
Go to playstation.com,13
Visit nikestore.com,13
Go to discord.com,13
Browse w3schools.com,13
Visit t.co,13
Search for recipes on allrecipes.com,13
Open zillow.com,13
Go to urbanoutfitters.com,13
Browse idealo.com,13
Check out canva.com,13
Go to minecraft.net,13
Browse codecademy.com,13
Check out calm.com,13
Go to nest.com,13
Visit sofi.com,13
Search on airbnb.ca,13
Check out monster.com,13
Browse brightcove.com,13
Go to zoom.com,13
Open moodle.com,13
Browse flexjobs.com,13
Go to quip.com,13
Check out expedia.com,13
Visit indeed.com,13
Go to pixabay.com,13
Browse ecwid.com,13
Visit shopify.co.uk,13
Check out sfgate.com,13
May you please open Spotify,14
Start VS Code,14
Open Discord,14
Launch Chrome,14
Start the terminal,14
Please open Notion,14
Start Microsoft Word,14
Launch Minecraft,14
Open your email,14
Start a Zoom meeting,14
Please launch VLC,14
Open Google Drive,14
Start Slack,14
Run the calculator,14
Open settings,14
Please open YouTube,14
Launch OBS Studio,14
Open Adobe Photoshop,14
Start the file manager,14
Run PowerPoint,14
Open Calendar,14
Please open Visual Studio,14
Launch Firefox,14
Open Steam,14
Start the music player,14
Please open Telegram,14
Launch Epic Games,14
Start Excel,14
Open Twitter,14
Start Google Docs,14
Open WhatsApp,14
Start Facebook,14
Launch Instagram,14
Open Reddit,14
Start Teams,14
Please open Blender,14
Open GitHub,14
Launch IntelliJ,14
Open OneNote,14
Start Outlook,14
Open Camera,14
Please start DaVinci Resolve,14
Launch GIMP,14
Open Zoom,14
Start Google Sheets,14
Please open Premiere Pro,14
Open Kindle,14
Start Safari,14
Launch Notepad,14
Open File Explorer,14
Please open Paint,14
Run Command Prompt,14
Start Task Manager,14
Launch Terminal,14
Open Dropbox,14
Start Audacity,14
Please launch Skype,14
Open QuickTime,14
Start Replit,14
Launch Canva,14
Open Roblox,14
Please open TikTok,14
Start Google Maps,14
Launch iTunes,14
Open Spotify Web,14
Start your code editor,14
Launch screen recorder,14
Open dev tools,14
Start Git Bash,14
Open OBS,14
Please open Calculator,14
Run system monitor,14
Start PDF Reader,14
Launch backup manager,14
Open file sync,14
Start VPN,14
Open Docker,14
Start Anaconda,14
Open Jupyter Notebook,14
Start system settings,14
Please open Terminal,14
Open VS Code folder,14
Launch Unreal Engine,14
Start Unity,14
Please open WebStorm,14
Open IntelliJ Project,14
Start NetBeans,14
Launch Android Studio,14
Open CMake,14
Start PyCharm,14
Launch Postman,14
Please open Thunderbird,14
Open KeePass,14
Start Trello,14
Launch Figma,14
Open Zoom call,14
Please start TeamViewer,14
Run a debug session,14
Launch help window,14
Open system info,14
Start package manager,14
Google quantum entanglement,15
Look up black holes on Google,15
Search for cat memes on Google,15
Google recipes for lasagna,15
Look up how to play chess on Google,15
Search for the latest tech news on Google,15
Google how to solve a Rubik's Cube,15
Look up information on climate change on Google,15
Google pictures of the Eiffel Tower,15
Search for the history of the internet on Google,15
Look up the recipe for chocolate cake on Google,15
Google how to start a YouTube channel,15
Look up the meaning of life on Google,15
Search for how to make homemade soap on Google,15
Google tutorials for learning Python programming,15
Look up how to build a treehouse on Google,15
Search for tips on how to improve your basketball skills on Google,15
Google facts about dolphins,15
Look up how to create a website on Google,15
Search for the best pizza places in New York on Google,15
Google how to do a backflip,15
Look up how to train a dog on Google,15
Search for the best horror movies of all time on Google,15
Google how to make a paper airplane,15
Look up how to learn sign language on Google,15
Search for how to make money online on Google,15
Google the tallest mountain in the world,15
Look up the weather forecast for tomorrow on Google,15
Search for the best science fiction books on Google,15
Google how to improve your public speaking skills,15
Look up how to grow a garden on Google,15
Search for tips on learning a new language on Google,15
Google the meaning of your dreams,15
Look up the best hiking trails near me on Google,15
Search for the best travel destinations for 2025 on Google,15
Google how to get rid of a headache,15
Look up information about World War II on Google,15
Search for how to meditate on Google,15
Google the latest trends in fashion,15
Look up how to bake bread on Google,15
Search for the most popular podcasts on Google,15
Google how to play the guitar,15
Look up how to draw a portrait on Google,15
Search for the best running shoes on Google,15
Google the origins of Christmas,15
Look up how to do a split on Google,15
Search for how to improve your memory on Google,15
Google how to create a mobile app,15
Look up how to reduce stress on Google,15
Search for how to do yoga at home on Google,15
Google how to write a resume,15
Look up how to make sushi on Google,15
Search for how to play the piano on Google,15
Google the best summer vacation spots on Google,15
Look up how to apply makeup on Google,15
Search for how to take good photos on Google,15
Google how to get better at math,15
Look up how to lose weight fast on Google,15
Search for how to build a website on Google,15
Google tips for studying effectively,15
Look up the most famous paintings in the world on Google,15
Search for how to fix a flat tire on Google,15
Google how to take care of houseplants,15
Look up how to learn coding on Google,15
Search for how to stay motivated on Google,15
Google how to start a business from home,15
Look up how to make a scrapbook on Google,15
Search for how to use Photoshop on Google,15
Google how to become a better cook,15
Look up the best science experiments for kids on Google,15
Search for how to improve your fitness on Google,15
Google how to save money on groceries,15
Look up the best workout routines on Google,15
Search for how to play basketball better on Google,15
Google how to learn photography,15
Look up how to start a podcast on Google,15
Search for the most beautiful beaches in the world on Google,15
Google how to write a novel,15
Look up how to make a DIY candle on Google,15
Search for how to build a computer on Google,15
Google the latest smartphone reviews,15
Look up the healthiest snacks on Google,15
Search for how to organize your closet on Google,15
Google how to repair a broken appliance,15
Look up how to get better at singing on Google,15
Search for the best online courses on Google,15
Google the history of the Mona Lisa,15
Look up how to fix a computer that won't turn on on Google,15
Search for the best online job opportunities on Google,15
Google how to start an online store,15
Look up how to do a push-up on Google,15
Search for how to make your own jewelry on Google,15
Google how to write a song,15
Look up how to start a blog on Google,15
Search for the most popular video games of 2025 on Google,15
Google how to play chess openings,15
Look up how to clean your house quickly on Google,15
Search for how to solve math word problems on Google,15
Google how to fold a fitted sheet,15
Look up how to get a six-pack on Google,15
Search for how to make a DIY bookshelf on Google,15
Google how to start a nonprofit organization,15
Look up how to fix a leaking faucet on Google,15
Search for how to improve your handwriting on Google,15
Google the best study apps for students,15
Look up the most expensive paintings ever sold on Google,15
Search for the top-rated restaurants in Paris on Google,15
Google how to train for a marathon,15
Look up how to host a successful dinner party on Google,15
Search for how to install a ceiling fan on Google,15
Google how to grow your YouTube channel,15
Look up how to overcome procrastination on Google,15
Search for how to build a gaming PC on Google,15
Google how to make a smoothie bowl,15
Look up how to play a ukulele on Google,15
Search for the most popular workout apps on Google,15
Google how to do a cartwheel,15
Look up the top 10 TED talks of all time on Google,15
Search for how to organize your work space on Google,15
Google how to do a magic trick,15
Look up how to learn to juggle on Google,15
Search for how to make a website using WordPress on Google,15
Google how to design a logo,15
Look up how to train for a triathlon on Google,15
Search for how to start a fitness blog on Google,15
Google the fastest animals in the world,15
Play piano tutorials on YouTube,16
Search YouTube for lo-fi beats,16
Find how-to code Python on YouTube,16
Play coding tutorials on YouTube,16
YouTube meditation music,16
Find latest tech reviews on YouTube,16
Show me vlog content on YouTube,16
Watch funny videos on YouTube,16
Look up travel vlogs on YouTube,16
Search for fitness workout routines on YouTube,16
Find cooking recipes on YouTube,16
Watch DIY home projects on YouTube,16
Search for game tutorials on YouTube,16
Play music videos on YouTube,16
Find ASMR content on YouTube,16
Watch sports highlights on YouTube,16
Look up science experiments on YouTube,16
Find language learning videos on YouTube,16
Watch motivational speeches on YouTube,16
Search for makeup tutorials on YouTube,16
Play fashion advice videos on YouTube,16
Search for guitar lessons on YouTube,16
Find photography tutorials on YouTube,16
Look up tech gadget unboxings on YouTube,16
Watch pet videos on YouTube,16
Find cooking challenges on YouTube,16
Search for unboxing videos on YouTube,16
Watch reaction videos on YouTube,16
Find animation tutorials on YouTube,16
Search for life hacks on YouTube,16
Look up movie trailers on YouTube,16
Find podcast videos on YouTube,16
Watch viral challenge videos on YouTube,16
Look up art tutorials on YouTube,16
Find dancing tutorials on YouTube,16
Search for comedy skits on YouTube,16
Watch nature documentaries on YouTube,16
Find history lessons on YouTube,16
Look up book reviews on YouTube,16
Watch news updates on YouTube,16
Search for motivational workout videos on YouTube,16
Find board game playthroughs on YouTube,16
Watch tech tutorial videos on YouTube,16
Look up photography gear reviews on YouTube,16
Search for drone footage on YouTube,16
Watch cooking competitions on YouTube,16
Find VR gameplay on YouTube,16
Look up magic tricks on YouTube,16
Watch car reviews on YouTube,16
Find home decor ideas on YouTube,16
Search for sewing tutorials on YouTube,16
Watch extreme sports videos on YouTube,16
Look up business tips on YouTube,16
Find motivational quotes on YouTube,16
Search for dance choreography on YouTube,16
Watch pranks on YouTube,16
Look up social media strategies on YouTube,16
Find fitness transformations on YouTube,16
Search for music production tutorials on YouTube,16
Watch inspirational talks on YouTube,16
Find mental health tips on YouTube,16
Look up architecture videos on YouTube,16
Watch fitness challenges on YouTube,16
Find AI-related content on YouTube,16
Search for entrepreneurship advice on YouTube,16
Watch cooking fails on YouTube,16
Look up funny animal moments on YouTube,16
Find tech gadget comparisons on YouTube,16
Search for mobile app tutorials on YouTube,16
Watch beauty product reviews on YouTube,16
Find student study tips on YouTube,16
Look up plant care videos on YouTube,16
Watch live concerts on YouTube,16
Search for hiking adventures on YouTube,16
Find skin care routines on YouTube,16
Watch funny memes compilation on YouTube,16
Look up vintage car restorations on YouTube,16
Find celebrity interviews on YouTube,16
Watch cooking tutorials on YouTube,16
Search for podcast interviews on YouTube,16
Find financial advice videos on YouTube,16
Look up fashion haul videos on YouTube,16
Search for photography editing tutorials on YouTube,16
Watch house tours on YouTube,16
Find graphic design tutorials on YouTube,16
Look up workout challenges on YouTube,16
Find educational lectures on YouTube,16
Search for skincare product reviews on YouTube,16
Watch virtual tours of cities on YouTube,16
Find animation movies on YouTube,16
Look up motivational workout routines on YouTube,16
Search for interior design ideas on YouTube,16
Find guitar solo tutorials on YouTube,16
Look up live stream gaming on YouTube,16
Watch cooking tips on YouTube,16
Find technology news on YouTube,16
Search for woodworking projects on YouTube,16
Watch home improvement tutorials on YouTube,16
Look up adventure travel videos on YouTube,16
Find outdoor survival tips on YouTube,16
Search for language immersion videos on YouTube,16
Watch fitness diet plans on YouTube,16
Look up health and wellness tips on YouTube,16
Find video game trailers on YouTube,16
Search for makeup product reviews on YouTube,16
Watch travel destination guides on YouTube,16
Look up science fiction movies on YouTube,16
Find nature soundtracks on YouTube,16
Search for crochet tutorials on YouTube,16
Watch live sports events on YouTube,16
Find motivational workout music on YouTube,16
Look up historical documentaries on YouTube,16
Find life coaching videos on YouTube,16
Search for voice training tutorials on YouTube,16
Watch street food videos on YouTube,16
Find comedy movies on YouTube,16
Search for wildlife documentaries on YouTube,16
Watch motivational fitness videos on YouTube,16
Look up personal development tips on YouTube,16
Find online courses on YouTube,16
Watch magic performances on YouTube,16
Search for business mentorship on YouTube,16